{"weights": [-0.45371355753757303, -0.4690739278308755, -0.4621530246591653, -0.45754885716685545, -0.2147547686211834, -0.12338606752866398, -0.3201469006394549, -0.44800103888925014, -0.1664541681930157, 0.22169127729401364, -0.44616051250504873, -0.003343595169773695, -0.33581583597517745, -0.4016237208814562, -0.017983222101902965, 0.172040928261758, 0.1245838244028919, -0.09924155743001496, 0.10399578908323799, 0.2695115767121771, -0.5569497281908258, -0.5683722228009569, -0.5295126058833303, -0.5357859578244887, -0.40164435216445266, -0.24453176980717994, -0.3424618157823192, -0.5106494731463936, -0.36664718917325967, -0.09652674564917944], "bias": 0.36251526160029607, "learning_rate": 0.01, "epochs": 2000, "lambda_param": 0.01}